,AAPL,AMZN,AVGO,GOOG,GOOGL,LLY,META,MSFT,NVDA,TSLA,AAPL,AMZN,AVGO,GOOG,GOOGL,LLY,META,MSFT,NVDA,TSLA,AAPL,AMZN,AVGO,GOOG,GOOGL,LLY,META,MSFT,NVDA,TSLA
,Price,Price,Price,Price,Price,Price,Price,Price,Price,Price,Daily_Change_%,Daily_Change_%,Daily_Change_%,Daily_Change_%,Daily_Change_%,Daily_Change_%,Daily_Change_%,Daily_Change_%,Daily_Change_%,Daily_Change_%,RollingVol_%,RollingVol_%,RollingVol_%,RollingVol_%,RollingVol_%,RollingVol_%,RollingVol_%,RollingVol_%,RollingVol_%,RollingVol_%
Date,,,,,,,,,,,,,,,,,,,,,,,,,,,,,,
2025-07-15,208.87295532226562,226.35000610351562,280.45947265625,182.93649291992188,181.83737182617188,770.0586547851562,709.910888671875,504.9898376464844,170.69036865234375,310.7799987792969,,,,,,,,,,,,,,,,,,,,
2025-07-16,209.92176818847656,223.19000244140625,280.3296813964844,183.60589599609375,182.80650329589844,788.0690307617188,702.4358520507812,504.7901611328125,171.36033630371094,321.6700134277344,0.5021295670340598,-1.3960696164789232,-0.04627808022897861,0.3659210174455918,0.532966056423767,2.3388317064740205,-1.052954214447721,-0.039540699393569856,0.39250466013800445,3.5040912192586537,,,,,,,,,,
2025-07-17,209.78192138671875,223.8800048828125,285.9600524902344,184.53506469726562,183.41595458984375,759.8311157226562,700.9368896484375,510.8601989746094,172.99024963378906,319.4100036621094,-0.06661853268702389,0.30915472640284936,2.008481965128306,0.506066919110082,0.33338600266250573,-3.5831778609253018,-0.21339491684080336,1.2024873520068091,0.9511613744672687,-0.7025863995037018,,,,,,,,,,
2025-07-18,210.9405975341797,226.1300048828125,282.8553771972656,185.77395629882812,184.89462280273438,770.0187377929688,703.8049926757812,509.212890625,172.40028381347656,329.6499938964844,0.5523241182089356,1.0050026580880944,-1.0857024489722256,0.6713583695298952,0.806182982389525,1.3407745299589768,0.4091813499475405,-0.32245775907299157,-0.34103992656315807,3.205907804067243,,,,,,,,,,
2025-07-21,212.23912048339844,229.3000030517578,287.717041015625,190.9792938232422,189.9301300048828,760.5095825195312,712.4890747070312,509.2228698730469,171.37034606933594,328.489990234375,0.6155870251616014,1.4018476542235536,1.7187807658218146,2.801973768616395,2.7234470780260978,-1.2349251786641813,1.2338761619513638,0.001959739871204569,-0.5974107010490393,-0.35188948387289143,,,,,,,,,,
2025-07-22,214.15695190429688,227.47000122070312,278.1134948730469,191.93844604492188,191.1690216064453,774.7383422851562,704.3345947265625,504.44073486328125,167.0205841064453,332.1099853515625,0.9036182474420285,-0.7980819043607368,-3.3378440528507247,0.5022283842809783,0.6522880816912213,1.8709507536362358,-1.1445059678735103,-0.9391045243034468,-2.538223247288496,1.10201078413521,,,,,,,,,,
2025-07-23,213.9072265625,228.2899932861328,283.20477294921875,191.33897399902344,190.0600128173828,797.13916015625,713.0986938476562,505.0397644042969,170.77037048339844,332.55999755859375,-0.11660856188711044,0.3604836070819184,1.830647620496073,-0.3123251533244886,-0.5801195087693611,2.8914043165877867,1.2443090523611477,0.11875122281272965,2.2451043366986,0.13550095657464123,,,,,,,,,,
2025-07-24,213.51766967773438,232.22999572753906,288.2161865234375,193.0274658203125,191.99827575683594,803.664794921875,714.31787109375,510.0415344238281,173.73020935058594,305.29998779296875,-0.18211487803653226,1.725876103762447,1.76953711691763,0.8824609989273258,1.01981627314498,0.8186318138411197,0.1709689355221533,0.9903715255829226,1.7332274087179744,-8.197020076301287,,,,,,,,,,
2025-07-25,213.63754272460938,231.44000244140625,289.68365478515625,193.9066925048828,193.0073699951172,810.908935546875,712.1992797851562,512.866943359375,173.49021911621094,316.05999755859375,0.05614197975087887,-0.340177109187767,0.5091553945737237,0.4554930464604423,0.5255746356593649,0.9013883239347598,-0.296589430885974,0.5539566378135463,-0.13813961041784228,3.524405566934252,,,,,,,,,,
2025-07-28,213.80735778808594,232.7899932861328,293.7966003417969,193.2472686767578,192.4079132080078,806.3389282226562,717.14599609375,511.65887451171875,176.7400360107422,325.5899963378906,0.07948746335069146,0.5833005662313484,1.419805877446212,-0.3400727533467651,-0.310587511308269,-0.5635660336060777,0.6945691253838371,-0.23555209851178205,1.8731989106281377,3.0152499060024596,,,,,,,,,,
2025-07-29,211.03050231933594,231.00999450683594,296.91131591796875,196.25457763671875,195.5750732421875,761.2779541015625,699.52783203125,511.728759765625,175.50009155273438,321.20001220703125,-1.2987651582609505,-0.7646371539299812,1.06016052348743,1.5561973944331564,1.6460653729744257,-5.588341644427086,-2.456705351276456,0.013658563818119696,-0.701563995343113,-1.3483166498468035,,,,,,,,,,
2025-07-30,208.81301879882812,230.19000244140625,302.1023864746094,197.26368713378906,196.35438537597656,758.4142456054688,694.7410888671875,512.3976440429688,179.25990295410156,319.0400085449219,-1.0507881543836084,-0.3549595623255297,1.7483572630403899,0.51418392845759,0.3984721165483096,-0.37617121061562786,-0.6842820177952014,0.13071070651766714,2.14234156125066,-0.6724793213012448,,,,,,,,,,
2025-07-31,207.33470153808594,234.11000061035156,293.1976623535156,192.68777465820312,191.728515625,738.4480590820312,772.9183349609375,532.6243896484375,177.85997009277344,308.2699890136719,-0.7079622090835236,1.7029402351838252,-2.947584832085448,-2.319693270501655,-2.355877991784605,-2.632622823098185,11.252716637391092,3.947470453976676,-0.7809514778586935,-3.3757582882378623,,,,,,,,,,
2025-08-01,202.1505889892578,214.75,288.1463317871094,189.78036499023438,188.96099853515625,760.6593017578125,749.504150390625,523.2498168945312,173.710205078125,302.6300048828125,-2.50035932739211,-8.269617085933035,-1.722841350732096,-1.5088708524067074,-1.4434561707329485,3.0078273485331097,-3.0293219233175295,-1.7600720012266091,-2.333164124835896,-1.829559909125389,,,,,,,,,,
2025-08-04,203.11949157714844,211.64999389648438,297.2107849121094,195.5751953125,194.86570739746094,767.3146362304688,775.8463745117188,534.7609252929688,179.98985290527344,309.260009765625,0.4792974350137147,-1.443541840985152,3.145781196929165,3.053440392826623,3.1248294135184373,0.8749428893167321,3.5146201802037647,2.1999259295981233,3.6150137663611748,2.190795617037322,,,,,,,,,,
2025-08-05,202.68995666503906,213.75,292.428955078125,195.1455841064453,194.4960479736328,764.2713623046875,762.945068359375,526.8838500976562,178.24993896484375,308.7200012207031,-0.21146907604691068,0.9922070229506863,-1.6089018557649104,-0.21966548741941816,-0.1896995776040522,-0.39661356399138814,-1.6628686523750602,-1.4730087451690799,-0.9666733498278846,-0.17461311772288823,,,,,,,,,,
2025-08-06,213.0082550048828,222.30999755859375,301.1540222167969,196.74415588378906,195.91476440429688,744.7342529296875,771.4692993164062,524.0784912109375,179.40988159179688,319.9100036621094,5.090680618623611,4.004677220394748,2.9836536318166296,0.8191688193527336,0.7294320092593232,-2.5563053044517003,1.1172797768208342,-0.5324435141063399,0.6507394244785081,3.624644466558724,,,,,,,,,,
2025-08-07,219.7805633544922,223.1300048828125,303.2404479980469,197.10382080078125,196.34439086914062,639.4554443359375,761.316162109375,519.9852294921875,180.7598114013672,322.2699890136719,3.179364268982976,0.368857601198358,0.6928101992103031,0.18280843737215058,0.21929254089148031,-14.136426272807634,-1.3160779328520111,-0.7810398227357296,0.7524277913753652,0.7377028928595486,,,,,,,,,,
2025-08-08,229.0900115966797,222.69000244140625,304.4483642578125,201.90953063964844,201.24000549316406,624.2788696289062,768.7811279296875,521.1832275390625,182.689697265625,329.6499938964844,4.235792328538146,-0.19719555047620352,0.3983361282243525,2.438161685218909,2.4933814520254227,-2.3733592139154935,0.9805342631409975,0.2303907839930286,1.067652067844116,2.290006868278205,,,,,,,,,,
2025-08-11,227.17999267578125,221.3000030517578,303.38018798828125,201.449951171875,200.8203887939453,633.8278198242188,765.3534545898438,520.9136962890625,182.0497283935547,339.0299987792969,-0.8337416841468825,-0.6241858073597895,-0.3508563010792498,-0.22761653019424122,-0.20851554748789747,1.5295968932904414,-0.44585815329187817,-0.05171525785138131,-0.3503037563961864,2.845443669493286,,,,,,,,,,
2025-08-12,229.64999389648438,221.47000122070312,312.294921875,203.97769165039062,203.15829467773438,638.0286254882812,789.4671630859375,528.3713989257812,183.14967346191406,340.8399963378906,1.0872441677679756,0.07681796954406295,2.9384693660559957,1.2547734381722409,1.1641775508102858,0.6627676369944657,3.150663050056579,1.4316580058936212,0.6042003347467295,0.5338753399730889,28.828115606729906,36.55627048977804,30.141984589776033,20.601626935220793,20.84863433934297,61.325107283663776,47.65378033111402,20.406975659995755,24.33583799476677,45.662140265172205
2025-08-13,233.3300018310547,224.55999755859375,308.5613098144531,202.84869384765625,201.779541015625,659.04248046875,779.5538940429688,519.7256469726562,181.5797576904297,339.3800048828125,1.602441991019199,1.395221168040428,-1.1955404327840147,-0.5534908222559087,-0.6786597929936633,3.2935599032703156,-1.2556911175657937,-1.6363020350273483,-0.8571763966649049,-0.42835097722239146,29.0972441677556,36.569087800833096,30.71723099360478,20.96807427387349,21.31107571976893,62.07472176650088,47.75087940331044,21.451571407937347,24.717720774060428,44.34875191053393
2025-08-14,232.77999877929688,230.97999572753906,310.69769287109375,203.63800048828125,202.75865173339844,682.9299926757812,781.6024780273438,521.6224975585938,182.00973510742188,335.5799865722656,-0.23571895917441354,2.858923333961183,0.6923690653002801,0.3891110293358757,0.4852378555552539,3.6245785233815386,0.2627892696104084,0.3649715185283675,0.23679810043872873,-1.1196942235471519,29.15058210490919,37.89841508109462,30.210357460264696,20.972314057600446,21.30181624516637,63.072336128541835,47.67802874606724,21.112206613494685,24.598483208205923,44.49905635593868
2025-08-15,231.58999633789062,231.02999877929688,305.8160400390625,204.72702026367188,203.71778869628906,701.22998046875,784.7003784179688,519.3162841796875,180.4398193359375,330.55999755859375,-0.5112133549474374,0.021648217457226338,-1.5711905637022627,0.5347821982043532,0.47304366777491946,2.679628657290012,0.39635242693238926,-0.4421230659529152,-0.8625449460479717,-1.4959143019665277,29.386772657595564,37.776489059278454,30.58092160489222,20.963285889759725,21.27340575389549,63.752482349873354,47.67868501292001,21.149153953249524,24.837612423911015,43.52543371574317
2025-08-18,230.88999938964844,231.49000549316406,305.2370300292969,204.10755920410156,203.3181610107422,698.0499877929688,766.8524169921875,516.2512817382812,181.99972534179688,335.1600036621094,-0.30225698834628334,0.19911124801876845,-0.18933277982792207,-0.3025790434367126,-0.19616729992227855,-0.45348783770704504,-2.274493796188104,-0.5901995633061485,0.8645020880647225,1.3915797850586165,29.512615646707122,37.48163412885469,30.244929776156983,19.259520452763496,19.680712943047205,63.67462983759254,48.66295950283861,21.291993082217168,24.725938845672726,43.7511478140516
2025-08-19,230.55999755859375,228.00999450683594,294.40557861328125,202.30918884277344,201.389892578125,703.2100219726562,750.97314453125,508.933349609375,175.63009643554688,329.30999755859375,-0.1429259958971918,-1.503309388634011,-3.548537808461838,-0.8810895433470023,-0.9483995050079685,0.7392069722688577,-2.070707754070922,-1.4175136000177835,-3.4998013839239506,-1.7454368181154756,29.527494712490356,37.78187518139187,30.589554065295747,19.725224200245748,20.167104869780022,63.27748121808542,49.164086195502406,21.65935812522092,26.376967634350045,44.084800523166095
2025-08-20,226.00999450683594,223.80999755859375,290.6719970703125,200.01123046875,199.1418914794922,705.4400024414062,747.2156372070312,504.8900146484375,175.39010620117188,323.8999938964844,-1.9734572779050663,-1.8420231785568841,-1.2681762215766335,-1.1358645581883708,-1.1162432582165205,0.3171144322565933,-0.5003517571276372,-0.7944723929058539,-0.1366452784833938,-1.6428300696053943,30.660461992617364,38.33858377773106,30.51423113422975,20.257535605530844,20.55238991953734,62.149810959449255,49.140083663985244,21.864249760721894,25.33976295603952,44.46002383664127
2025-08-21,224.89999389648438,221.9499969482422,289.10467529296875,200.4408416748047,199.57150268554688,709.8200073242188,738.6014404296875,504.239990234375,174.97012329101562,320.1099853515625,-0.49112899311095637,-0.8310623433453235,-0.5392063195425845,0.21479354186655364,0.21573120696150028,0.620889780513445,-1.1528394680740628,-0.12874574564821772,-0.23945644326968107,-1.170116892973183,30.743478777073815,37.82041071139414,29.982649253651356,20.110235989620264,20.345714452998774,62.096782242559584,49.40208030199118,21.55565821111604,24.65890929187439,32.9913359878323
2025-08-22,227.75999450683594,228.83999633789062,293.49713134765625,206.535400390625,205.9058380126953,711.6799926757812,754.2808837890625,507.2300109863281,177.97996520996094,340.010009765625,1.2716766064777785,3.1043025385826706,1.519330688871201,3.0405772919813057,3.1739678470673605,0.26203619683446977,2.122855778652877,0.5929757278004377,1.7202033480534507,6.2166209505171155,30.929594798597577,39.58429966206685,30.40713610695123,22.5034142729585,22.915051320707207,61.941051799965635,49.81700302092981,21.57056257135788,25.34654927874803,37.59063307577401
2025-08-25,227.16000366210938,227.94000244140625,293.72674560546875,208.9732208251953,208.30369567871094,695.3300170898438,752.7918701171875,504.260009765625,179.79986572265625,346.6000061035156,-0.26343118159346535,-0.3932852258726194,0.07823390189818369,1.180340237053601,1.1645408839101368,-2.2973774384839274,-0.1974083798060855,-0.5855334180498994,1.022531109357394,1.9381771561470362,30.9915448590668,39.53664517834228,29.994886794200177,22.554140096090006,22.9630675878891,62.24247736789805,49.831553381474336,21.646869258421717,24.747812737948998,36.779458534459394
2025-08-26,229.30999755859375,228.7100067138672,297.5002746582031,207.76429748535156,206.95489501953125,736.030029296875,753.5913696289062,502.0400085449219,181.75975036621094,351.6700134277344,0.9464667467088184,0.3378100659005012,1.2847073374118168,-0.5785063440520988,-0.6475164325745242,5.8533374378647585,0.1062045890046992,-0.4402493114088024,1.0900367670896083,1.462783391499567,30.45511429535771,39.47519815449476,30.10895828521983,22.3767677187344,22.764749988967264,63.465079223990024,48.778880879171346,21.68518067398524,24.797729960401224,36.42156408951888
2025-08-27,230.49000549316406,229.1199951171875,299.7364501953125,208.02407836914062,207.29458618164062,734.1699829101562,746.8759155273438,506.739990234375,181.5897674560547,349.6000061035156,0.514590705653295,0.17926124405795996,0.7516549487823099,0.12503634499925198,0.16413777604888935,-0.25271338297102597,-0.8911267262613931,0.9361767208703631,-0.09352065559826706,-0.5886220733017145,29.945935785963414,39.46058997266091,29.555973276210864,22.36878547457229,22.765530263251584,63.45915292644319,48.84622555752451,21.978813536674185,23.70538537011025,36.38760645853982
2025-08-28,232.55999755859375,231.60000610351562,308.1220703125,212.1803436279297,211.4508819580078,731.9600219726562,750.6033935546875,509.6400146484375,180.1598358154297,345.9800109863281,0.8980832210059075,1.08240705271474,2.7976644521289673,1.9979731631901476,2.0050189698274323,-0.3010148860540407,0.4990759441897197,0.5722904191400424,-0.7874516613228466,-1.0354676927882056,29.619231868647066,39.16723081561268,29.04691290184643,20.92959190809228,21.280037574284,62.75180422093846,27.363693612413147,16.401877098556085,23.70851006462282,33.9634562337891
2025-08-29,232.13999938964844,229.0,296.88134765625,213.3393096923828,212.71974182128906,732.5800170898438,738.2017822265625,506.69000244140625,174.170166015625,333.8699951171875,-0.180597769760249,-1.1226278216735164,-3.6481394029481806,0.5462174509837991,0.600073100443832,0.08470341256023861,-1.652218926082094,-0.5788423440546087,-3.324642128304889,-3.5002067994093333,27.47391321176734,24.78850676276876,31.494763140863103,19.550773733817127,20.003780532027033,61.76513886626415,25.823255637240077,15.433648250125088,25.254929950960413,36.00492513984179
2025-09-02,229.72000122070312,225.33999633789062,297.7298889160156,211.8007049560547,211.16114807128906,735.1900024414062,734.6141357421875,505.1199951171875,170.77037048339844,329.3599853515625,-1.0424735828844955,-1.5982548742835667,0.2858183130952874,-0.7212007663035314,-0.7326982143995853,0.35627307470529335,-0.4859980794890473,-0.30985559546348185,-1.9519964928560563,-1.350828116207925,28.16427246270966,24.941197945117306,29.480248265247567,17.762070776790633,18.150251429968602,61.68268492668371,22.108610977848908,12.67698373683988,22.32047665704166,36.015353515514875
2025-09-03,238.47000122070312,225.99000549316406,301.872802734375,230.8936309814453,230.45388793945312,737.8300170898438,736.5528564453125,505.3500061035156,170.61038208007812,334.0899963378906,3.8089848308826335,0.28845707190781056,1.3915008108332794,9.014571518707704,9.136500745700982,0.3590928385411418,0.263910073165996,0.04553590999198942,-0.09368627758283843,1.436121932444001,30.1156135989247,24.81646656317928,29.196938864906613,35.16887480318541,35.74023609921182,61.69885536343164,21.541712537864385,11.906839051366997,22.164857107696992,36.16396270599992
2025-09-04,239.77999877929688,235.67999267578125,305.5764465332031,232.45223999023438,232.09242248535156,742.9099731445312,748.1450805664062,507.9700012207031,171.65032958984375,338.5299987792969,0.5493343195739575,4.2877945692648245,1.2268888635479591,0.6750333485440851,0.7110032122039645,0.6884995103240588,1.5738482336541626,0.5184515851476723,0.6095452674606427,1.328983953448204,25.57143612210278,25.392170770726533,27.57664415190017,35.17519024442546,35.74129022171589,61.056843642907005,21.959685888310002,12.10706531770665,22.144127109905313,34.33781013346447
2025-09-05,239.69000244140625,232.3300018310547,334.31719970703125,234.95999145507812,234.79000854492188,727.2100219726562,751.9425048828125,495.0,167.01058959960938,350.8399963378906,-0.03753287945149619,-1.4214150326010255,9.405421621952549,1.0788243920338614,1.1622895873477201,-2.113304672088523,0.5075785987299852,-2.5533006259296664,-2.7030183986951672,3.6363092201525005,23.763089995414987,26.1167921551418,43.091350778376416,35.090193644526984,35.66889266756552,31.949580084092915,21.620559448232065,14.685770880659508,23.504402551664185,36.30709167497892
2025-09-08,237.8800048828125,235.83999633789062,345.05877685546875,234.16000366210938,234.0399932861328,738.6400146484375,751.7925415039062,498.20001220703125,168.30050659179688,346.3999938964844,-0.7551410322323426,1.5107797009308976,3.212989686995038,-0.3404783035675707,-0.3194408754602418,1.5717595096909953,-0.01994346348722642,0.6464671125315569,0.7723564088240931,-1.265534855703887,19.408166271595935,26.46076108888276,44.12912475275216,34.86491056948578,35.420936109031466,29.9837192961354,21.275052402682917,14.935359075057843,23.28481992435589,36.110427992053204
2025-09-09,234.35000610351562,238.24000549316406,336.09417724609375,239.94000244140625,239.6300048828125,750.6099853515625,765.1835327148438,498.4100036621094,170.7503662109375,346.9700012207031,-1.4839409394815983,1.0176429751274751,-2.5979920554607183,2.4683971168865115,2.388485625123682,1.6205418696172647,1.781208308365212,0.042150030094911806,1.45564601601742,0.1645517708609212,19.993867271023138,26.341464518912986,45.513525093482535,35.15846416168987,35.6580536004054,30.012330185344485,22.245829512302247,14.953177191776154,24.199383013486504,34.807149461039835
2025-09-10,226.7899932861328,230.3300018310547,368.9378967285156,239.55999755859375,239.1699981689453,754.6199951171875,751.4727783203125,500.3699951171875,177.32000732421875,347.7900085449219,-3.2259494860194082,-3.3201827903485137,9.772177474640742,-0.15837495996745554,-0.19196540687471675,0.5342334692958861,-1.7918255958653484,0.3932488193810091,3.847512165898026,0.23633378140295314,22.987153188405173,29.441616126013063,55.61129951162956,35.32696263394524,35.854361483357785,30.027327392011195,19.765486251268467,13.848829917774246,28.225708460925887,34.778312122671814
2025-09-11,230.02999877929688,229.9499969482422,359.014892578125,240.77999877929688,240.3699951171875,756.280029296875,750.3935546875,501.010009765625,177.1699981689453,368.80999755859375,1.4286368839370622,-0.16498279850283293,-2.6896136825143024,0.5092675042312589,0.5017338953168027,0.21998279802137866,-0.14361446800837951,0.12790827881028477,-0.08459798617036496,6.043873744853956,22.828905134184716,29.12960647043105,56.59962801281555,34.97472948193212,35.43251413140738,28.674213532753903,19.39751478346296,12.922244609819316,28.10067156612101,40.529127986438276
2025-09-12,234.07000732421875,228.14999389648438,359.25445556640625,241.3800048828125,240.8000030517578,755.3900146484375,755.0803833007812,509.8999938964844,177.82000732421875,395.94000244140625,1.7562963814985233,-0.7827802024989672,0.06672786929837748,0.2491926682272272,0.1788941811812439,-0.11768321441265606,0.6245827384848912,1.7744124783092063,0.3668844397986648,7.356092584909457,23.705402656227456,27.430969302468096,56.661629751091844,35.004440640261535,35.49687125089848,26.625457050703012,19.54979102412313,14.573635077268476,28.12561926063123,46.85649792406047
2025-09-15,236.6999969482422,231.42999267578125,363.4672546386719,251.75999450683594,251.61000061035156,748.1900024414062,764.1842041015625,515.3599853515625,177.75,410.0400085449219,1.1235910376080627,1.4376501718361023,1.1726504729422604,4.300269042194627,4.489201587040781,-0.9531516259692951,1.205675713754406,1.0707965327386493,-0.039369767931174415,3.561147147692467,23.912238534382134,27.934217040858844,55.97999237594541,37.012132362421,37.67293609019923,25.82539466197831,20.06250166260523,15.095855682511356,27.981572195980625,46.90709567500194
2025-09-16,238.14999389648438,234.0500030517578,359.3842468261719,251.4199981689453,251.16000366210938,764.7100219726562,778.4745483398438,509.0400085449219,174.8800048828125,421.6199951171875,0.6125884946923899,1.1320962964584513,-1.1233495618632738,-0.1350478016003409,-0.17884700415349286,2.2079978985743987,1.8700130363309642,-1.226322762006704,-1.6146245385021074,2.8241113869250656,23.918506167179245,28.207095889912665,56.32354297827782,36.93478022615809,37.665161224873444,26.46505169592068,19.560087176359126,15.568244357879385,28.277116486959503,47.289670517328844
2025-09-17,238.99000549316406,231.6199951171875,345.5779113769531,249.85000610351562,249.52999877929688,760.1300048828125,775.19677734375,510.0199890136719,170.2899932861328,425.8599853515625,0.35272375318422533,-1.0382430689534927,-3.8416640604440944,-0.6244499550010718,-0.6489906271085144,-0.5989220695746922,-0.4210505023040101,0.1925154118143313,-2.6246634655319623,1.005642588937583,23.89838568542547,27.909808451750045,56.63779070541133,36.76558773711846,37.464940767022384,26.70965120141129,17.962897870664982,14.741076257030327,27.060605329550505,46.011648628093944
2025-09-18,237.8800048828125,231.22999572753906,344.7593078613281,252.3300018310547,252.02999877929688,762.9299926757812,779.7237548828125,508.45001220703125,176.24000549316406,416.8500061035156,-0.46445482440198305,-0.16837898189709932,-0.23687958306226609,0.9925938230762155,1.0018835459584041,0.36835643573895904,0.5839778584444622,-0.3078265245401113,3.4940468856755613,-2.1157139806429193,22.65405118796332,26.987721481203888,56.24003981294351,35.82431782236392,36.544112465421556,26.708082198828997,17.842218675685427,14.485742429638387,29.978906708386283,46.44583984535936
2025-09-19,245.5,231.47999572753906,344.3500061035156,255.24000549316406,254.72000122070312,751.989990234375,777.85498046875,517.9299926757812,176.6699981689453,426.07000732421875,3.203293660995743,0.10811746080494622,-0.11872101738211738,1.1532531371587496,1.0673342278439968,-1.4339457809276812,-0.2396713454425159,1.864486230927631,0.24398131092768782,2.2118270566640064,24.71822025287098,26.72715780943899,56.11555868300068,35.639281407266814,36.36177889539591,27.473488973999892,17.19354641143664,15.843642555515752,29.96801600960299,45.59503427936882
2025-09-22,256.0799865722656,227.6300048828125,338.7900085449219,252.8800048828125,252.52999877929688,754.9500122070312,765.1599731445312,514.4500122070312,183.61000061035156,434.2099914550781,4.309566831880085,-1.6632067201427403,-1.6146355336268958,-0.9246201847518676,-0.8597685422860546,0.3936251826615056,-1.6320532288124578,-0.6719017083315459,3.928229191902566,1.9104804353584193,28.167990126525876,25.227922294213904,56.78179364572473,35.759441495303676,36.35197451487236,27.474861479513777,16.97646908705933,15.99813503191569,32.502971703688935,42.08691624716694
2025-09-23,254.42999267578125,220.7100067138672,338.94000244140625,252.33999633789062,251.66000366210938,746.97998046875,755.4000244140625,509.2300109863281,178.42999267578125,425.8500061035156,-0.6443275472520216,-3.0400202172415014,0.04427341205504032,-0.21354339390025068,-0.34451159125369335,-1.0557032398716748,-1.2755435559911543,-1.0146760806378219,-2.8212014146021813,-1.9253323313789705,28.355126488316188,27.40990249691086,56.78747836319242,36.028386680229566,36.68184795796802,26.23796513418073,17.62656776313637,16.302946113213707,34.0037064644526,43.47631562500493
2025-09-24,252.30999755859375,220.2100067138672,339.30999755859375,247.8300018310547,247.13999938964844,741.8499755859375,760.6599731445312,510.1499938964844,176.97000122070312,442.7900085449219,-0.8332331793480807,-0.22654160880354324,0.10916242241174601,-1.787268991157831,-1.7960757397626481,-0.6867660468749537,0.6963130209783452,0.1806615655613797,-0.8182432970958109,3.977927016229388,28.753881620521266,27.350676684021046,56.801410597489195,36.96118278973282,37.571090669611976,16.62441948753078,17.78717592784699,16.20191363518339,33.85441657898324,44.67789140157161
2025-09-25,256.8699951171875,218.14999389648438,336.1000061035156,246.57000732421875,245.7899932861328,714.5900268554688,748.9099731445312,507.0299987792969,177.69000244140625,423.3900146484375,1.8072995928489766,-0.935476479077324,-0.9460350352700098,-0.5084108047962999,-0.5462515605930585,-3.674590500449626,-1.5447112264138307,-0.6115838781761473,0.40684930538323894,-4.381307961359793,29.129544812839644,27.445176773559012,57.107032123040455,37.20724864840138,37.843454084242474,21.234270153135235,18.38827229880477,16.054430343247766,33.90458190460924,48.54750401428172
2025-09-26,255.4600067138672,219.77999877929688,334.5299987792969,247.17999267578125,246.5399932861328,724.5399780273438,743.75,511.4599914550781,178.19000244140625,440.3999938964844,-0.5489112898051984,0.7471945580644679,-0.46712505079075095,0.24738830086517005,0.30513854122893314,1.3923999493331118,-0.6889977873929864,0.8737141168070339,0.28138893192084513,4.01756741055197,29.35817210711089,27.257587288140023,56.63995281406997,37.02719624417245,37.65449300539459,21.890351397809148,18.461170399105065,16.229711940431205,33.82385956339903,49.04028512598052
2025-09-29,254.42999267578125,222.1699981689453,327.8999938964844,244.36000061035156,244.0500030517578,726.510009765625,743.4000244140625,514.5999755859375,181.85000610351562,443.2099914550781,-0.4031997224675621,1.087450815780766,-1.9818864995681862,-1.1408658261142457,-1.0099741632933035,0.2719010403877231,-0.04705554096638975,0.6139256605245391,2.053989343938012,0.638055766924972,29.43581838460993,27.44489920376683,55.32666020956269,37.654138618626725,38.1955430200447,21.914774654231124,17.453025901708006,16.1954822202905,32.23352228853451,45.807632737136444
2025-09-30,254.6300048828125,219.57000732421875,329.9100036621094,243.5500030517578,243.10000610351562,763.0,734.3800048828125,517.9500122070312,186.5800018310547,444.7200012207031,0.07861188255666729,-1.1702709034319914,0.6129947554252002,-0.33147714706603937,-0.38926323964876275,5.02264108462136,-1.2133466821391936,0.6509982083227506,2.601042380414653,0.34069849388267404,28.933663878694837,27.183494129877644,55.317854839540985,37.48314401416223,38.041959354367314,28.332692604872257,17.92870784377521,16.245850701237696,32.187112898339905,44.81095707569251
2025-10-01,255.4499969482422,220.6300048828125,333.3900146484375,245.5399932861328,244.89999389648438,825.4199829101562,717.3400268554688,519.7100219726562,187.24000549316406,459.4599914550781,0.3220327729275496,0.48276063361811783,1.054836454699415,0.8170766616463876,0.7404309945604481,8.180862766730822,-2.3203216201485355,0.33980301653540046,0.3537376222704669,3.3144428390707636,26.214950075558278,27.230520053913665,55.264413589621256,21.198923647308952,21.535666237105602,40.08046363719495,19.692626558782443,16.259017695520264,32.12357927921519,45.241543539632204
2025-10-02,257.1300048828125,222.41000366210938,338.17999267578125,246.42999267578125,245.69000244140625,819.8499755859375,727.0499877929688,515.739990234375,188.88999938964844,436.0,0.657666061710982,0.8067800117406154,1.4367490977181152,0.3624661619222591,0.32258414234824784,-0.6748088778491645,1.3536064591382901,-0.7638936272985952,0.8812186755381202,-5.105992228133283,26.228288762643537,22.101240513114245,55.30336052839278,21.157772241250374,21.48454771043956,40.32827785956709,19.454747099680223,16.503896605261044,32.15195829234935,51.20862243565737
2025-10-03,258.0199890136719,219.50999450683594,338.3699951171875,246.4499969482422,245.35000610351562,839.8699951171875,710.5599975585938,517.3499755859375,187.6199951171875,429.8299865722656,0.34612223931820285,-1.3039023009411066,0.056183820900490566,0.008117628963799639,-0.13838427877085335,2.4419125605196212,-2.268068291209524,0.3121699658835464,-0.67235125023275,-1.4151406944344913,26.18594596156063,22.024554313124654,44.350903839721475,20.976086048456125,21.282194446578558,39.61279970219909,20.692821121772152,13.251264751623479,30.219570823395113,51.32021782278069
2025-10-06,256.69000244140625,220.89999389648438,335.489990234375,251.50999450683594,250.42999267578125,845.0499877929688,715.6599731445312,528.5700073242188,185.5399932861328,453.25,-0.5154587353288997,0.633228292302257,-0.8511407407193583,2.0531538329279897,2.0705059897664357,0.6167612494667685,0.7177403179830621,2.1687508007657064,-1.1086248188821868,5.4486690457546505,26.061427850517436,21.28928485821152,42.88463507570495,21.791627200999407,22.13947871071015,39.49540345383923,20.976926842418113,14.894288295911034,30.809610603800486,52.781335149798096
2025-10-07,256.4800109863281,221.77999877929688,336.4100036621094,247.1300048828125,245.75999450683594,843.6300048828125,713.0800170898438,523.97998046875,185.0399932861328,433.0899963378906,-0.08180741481198517,0.39837252472938456,0.2742297697441387,-1.7414773645921255,-1.864791880176797,-0.1680353743172991,-0.3605002587124484,-0.8683857940984696,-0.2694836790410604,-4.447877255843213,25.181823162736027,20.883588411551465,41.87198100797258,21.52907512639137,22.08827870446088,39.45502913280857,19.5737463129299,15.444265670786624,30.713162878256192,56.61931088444758
2025-10-08,258.05999755859375,225.22000122070312,345.5,245.4600067138672,244.6199951171875,845.719970703125,717.8400268554688,524.8499755859375,189.11000061035156,438.69000244140625,0.6160271773966164,1.5510877718191152,2.7020588683268176,-0.6757569440979938,-0.46386694951554563,0.24773488474996164,0.6675281387145127,0.16603594595525628,2.199528465138445,1.2930352007360923,21.07246895026703,18.74002149983347,23.605377446326358,21.706990168875496,22.162694699824666,39.47584630488874,19.10333558885169,15.438336118413101,28.76972566524703,56.511156996586145
2025-10-09,254.0399932861328,227.74000549316406,345.0199890136719,242.2100067138672,241.52999877929688,855.3499755859375,733.510009765625,522.4000244140625,192.57000732421875,435.5400085449219,-1.5577789314472068,1.118907849570383,-0.13893226811233506,-1.3240446146440932,-1.2631822416684813,1.1386753554851303,2.182935239596384,-0.4667907565661822,1.8296265150970603,-0.7180455170972544,22.253746329403523,19.233578492813646,21.878337970878608,22.251342743353835,22.641735338279897,39.49323052922625,20.927560432968786,15.640433420022704,29.196131350819115,53.904918161885924
2025-10-10,245.27000427246094,216.3699951171875,324.6300048828125,237.49000549316406,236.57000732421875,833.489990234375,705.2999877929688,510.9599914550781,183.16000366210938,413.489990234375,-3.4522080166306646,-4.99253978296661,-5.9097979189986605,-1.9487226331978302,-2.053571597791637,-2.5556773222081164,-3.8458946158989815,-2.1898990092536486,-4.886536482426518,-5.062684914805626,25.77633744419763,26.000653173182346,29.800909264937218,23.31793070811852,23.80843058155913,41.03648499822283,24.560233384447322,16.689358506266608,34.77716380183045,52.141533295350825
2025-10-13,247.66000366210938,220.07000732421875,356.70001220703125,244.63999938964844,244.14999389648438,819.4000244140625,715.7000122070312,514.0499877929688,188.32000732421875,435.8999938964844,0.9744360696440912,1.7100394188331425,9.878941207481917,3.0106504404835643,3.2041198535692983,-1.6904781083634135,1.4745533239843622,0.6047433046746153,2.8172109406748413,5.419720958518703,25.714378877401447,26.25215309963588,47.18865657926409,20.375053786174767,20.783642328527623,41.46969117791123,24.800435384159815,16.3776305675969,36.00461982994821,54.079488616865845
2025-10-14,247.77000427246094,216.38999938964844,344.1300048828125,246.19000244140625,245.4499969482422,812.3499755859375,708.6500244140625,513.5700073242188,180.02999877929688,429.239990234375,0.04441597703503941,-1.6721987604375044,-3.5239716551854317,0.6335852908865736,0.5324608168161493,-0.860391581409381,-0.9850478793801409,-0.093372333459385,-4.402085929536681,-1.5278742269702716,25.683954200839395,26.197999404452883,48.65737443259141,20.557166185515566,20.919961719256793,41.21047442267445,23.499970968495557,15.740895485460634,39.20230158919535,53.65578852798545
2025-10-15,249.86000061035156,215.4550018310547,352.9200134277344,250.10000610351562,249.2949981689453,826.6599731445312,717.7899780273438,514.239990234375,180.61990356445312,434.9036865234375,0.8435227436136117,-0.4320890804709099,2.554269729521308,1.588205704266965,1.5665110077446531,1.7615557319703434,1.2897697450640067,0.13045600416716763,0.327670271152658,1.3194707897486335,25.778900862107392,26.083598819754528,47.54539339139747,21.291634398529386,21.624565175017608,41.353449648570944,24.306731757050542,15.734929887195072,37.78147010739508,53.73414469512708
